"date","Influenza cases overall","Influenza A cases not subtyped","Influenza A H1 cases","Influenza A H3 cases","Influenza B cases","Influenza cases 0-4","Influenza cases 5-17","Influenza cases 18-64","Influenza cases 65+","Influenza cases Bronx","Influenza cases Brooklyn","Influenza cases Manhattan","Influenza cases Queens","Influenza cases Staten Island","Influenza cases Asian/Pacific Islander","Influenza cases Black/African American","Influenza cases Hispanic/Latino","Influenza cases White"
2026-07-11,"123","30","","","87","31","32","49","11","17","56","21","22","7","","17","16","30"
2026-07-18,"219","93","6","7","111","40","52","112","15","27","107","34","44","7","26","32","27","47"
2026-07-25,"206","97","6","6","96","33","28","121","24","25","81","44","50","6","25","24","37","52"
2026-08-01,"228","121","15","7","84","28","44","123","33","29","76","52","50","21","19","40","33","51"
2026-08-08,"216","113","9","11","79","42","34","122","18","30","80","52","46","8","16","31","33","52"
2026-08-15,"266","137","10","13","104","42","40","150","34","36","88","65","62","15","22","30","36","84"
2026-08-22,"289","152","14","5","115","38","48","168","35","33","119","58","64","15","39","44","27","69"
2026-08-29,"318","185","14","8","108","37","53","175","53","44","109","93","61","11","38","52","46","83"
2026-09-05,"372","234","22","10","101","38","56","215","63","52","118","98","87","17","50","51","54","96"
2026-09-12,"459","304","42","9","98","64","76","245","74","72","143","122","98","24","64","57","69","122"
2026-09-19,"651","451","66","10","121","98","131","319","103","103","175","149","181","43","92","80","97","180"
2026-09-26,"833","589","99","8","128","113","154","450","116","145","203","192","243","50","107","100","152","220"
