"date","RSV cases overall","RSV cases 0-4","RSV cases 5-17","RSV cases 18-64","RSV cases 65+","RSV cases Bronx","RSV cases Brooklyn","RSV cases Manhattan","RSV cases Queens","RSV cases Staten Island"
2026-07-18,"79","59","6","9","5","27","107","34","44","7"
2026-07-25,"87","67","5","8","7","25","81","44","50","6"
2026-08-01,"106","80","8","13","5","29","76","52","50","21"
2026-08-08,"93","65","5","15","8","30","80","52","46","8"
2026-08-15,"152","105","15","23","9","36","88","65","62","15"
2026-08-22,"140","108","7","16","9","33","119","58","64","15"
2026-08-29,"151","119","11","12","9","44","109","93","61","11"
2026-09-05,"174","138","17","16","","52","118","98","87","17"
2026-09-12,"183","136","18","18","11","72","143","122","98","24"
2026-09-19,"294","245","14","24","11","103","175","149","181","43"
2026-09-26,"418","331","38","37","12","145","203","192","243","50"
2026-10-03,"339","286","19","24","10","201","330","259","311","65"
