"date","COVID-19 cases overall","COVID-19 confirmed cases","COVID-19 probable cases","COVID-19 cases 0-4","COVID-19 cases 5-17","COVID-19 cases 18-64","COVID-19 cases 65+","COVID-19 cases Bronx","COVID-19 cases Brooklyn","COVID-19 cases Manhattan","COVID-19 cases Queens","COVID-19 cases Staten Island","COVID-19 cases Asian/Pacific Islander","COVID-19 cases Black/African American","COVID-19 cases Hispanic/Latino","COVID-19 cases White"
2026-07-18,"562","346","216","77","28","337","120","110","140","132","160","20","58","115","125","111"
2026-07-25,"661","394","267","85","31","413","132","140","171","125","178","47","74","113","161","154"
2026-08-01,"855","493","362","103","40","525","187","174","209","187","236","49","84","180","206","177"
2026-08-08,"954","564","390","112","54","561","227","234","225","185","273","37","95","207","251","187"
2026-08-15,"1130","658","472","144","59","688","239","268","289","231","294","48","88","250","295","227"
2026-08-22,"1305","763","542","157","77","783","288","275","373","260","316","81","129","274","314","285"
2026-08-29,"1643","952","691","191","84","967","401","348","456","322","447","70","144","333","408","333"
2026-09-05,"1951","1127","824","225","92","1171","463","418","499","390","530","114","179","377","470","430"
2026-09-12,"2183","1272","911","285","147","1249","502","478","585","458","553","109","210","366","579","480"
2026-09-19,"2807","1619","1188","336","389","1516","564","633","717","618","695","144","251","502","748","597"
2026-09-26,"2870","1646","1224","297","376","1606","590","629","783","571","727","160","219","527","784","615"
2026-10-03,"2449","1495","954","231","239","1348","630","539","703","461","602","144","193","486","561","585"
