"date","neighborhood","COVID-19 case rate","Flu case rate","RSV case rate"
2026-09-26,"101","64.54","",""
2026-09-26,"102","43.15","10.57",""
2026-09-26,"103","43.97","10.91",""
2026-09-26,"104","49.05","13","3.42"
2026-09-26,"105/106/107","40.54","10.5","0.88"
2026-09-26,"201","24.73","14.91","30.19"
2026-09-26,"202","24.02","13.99","10.76"
2026-09-26,"203","32.63","5.5","2.99"
2026-09-26,"204","31.15","4.07",""
2026-09-26,"205","32.8","5.55",""
2026-09-26,"206","26.99","10.62","51.71"
2026-09-26,"207","26.46","4.25","3.51"
2026-09-26,"208","","5.34",""
2026-09-26,"209","33.3","5.46","3.34"
2026-09-26,"210","36.52","9.29","4.2"
2026-09-26,"211","26.99","7.3","18.1"
2026-09-26,"301","30.43","10.42",""
2026-09-26,"302","35.26","10.45",""
2026-09-26,"303","57.99","9.12",""
2026-09-26,"304","33.33","8.37",""
2026-09-26,"305/307","34.96","14.38","2.85"
2026-09-26,"306/308","37.49","14.54",""
2026-09-26,"309/310","27.15","14.5",""
2026-09-26,"401","33.35","21.34",""
2026-09-26,"402","38.53","9.82",""
2026-09-26,"403","35.29","8",""
2026-09-26,"404/406","29.29","13.92",""
2026-09-26,"405","22.88","11.31",""
2026-09-26,"407","34.63","8.91",""
2026-09-26,"408","26.92","12.93",""
2026-09-26,"409","29.1","8.11",""
2026-09-26,"410","28.98","7.17",""
2026-09-26,"501/502","36.54","7.92",""
2026-09-26,"503/504","27.71","12.62","8.62"
