"date","neighborhood","Respiratory illness visits"
2026-09-26,"101",6.71
2026-09-26,"102",10.08
2026-09-26,"103",10.51
2026-09-26,"104",10.41
2026-09-26,"105/106/107",7.87
2026-09-26,"201",8.86
2026-09-26,"202",7.71
2026-09-26,"203",7.87
2026-09-26,"204",8.47
2026-09-26,"205",8.09
2026-09-26,"206",9.7
2026-09-26,"207",7.54
2026-09-26,"208",8.13
2026-09-26,"209",8.4
2026-09-26,"210",8.2
2026-09-26,"211",8.12
2026-09-26,"301",9.67
2026-09-26,"302",10.04
2026-09-26,"303",10.71
2026-09-26,"304",8.68
2026-09-26,"305/307",5.67
2026-09-26,"306/308",6.72
2026-09-26,"309/310",5.75
2026-09-26,"401",8.6
2026-09-26,"402",9.97
2026-09-26,"403",11.02
2026-09-26,"404/406",7.93
2026-09-26,"405",8.52
2026-09-26,"407",8
2026-09-26,"408",9.09
2026-09-26,"409",8.18
2026-09-26,"410",9.23
2026-09-26,"501/502",9.22
2026-09-26,"503/504",8.21
