"date","SARS-CoV-2 viral load","Flu A viral load","Flu B viral load","RSV viral load"
2025-10-04,"23673579","1446991","< LOD","5477022"
2025-10-11,"14960383","1065656","< LOD","12125241"
2025-10-18,"20276110","< LOD","< LOD","2304523"
2025-10-25,"8375029","1521415","< LOD","1101906"
2025-11-01,"6785698","840572","< LOD","1330835"
2025-11-08,"4204285","1088318","< LOD","797308"
2025-11-15,"3899146","1263930","< LOD","1232133"
2025-11-22,"8903158","3486676","< LOD","978649"
2025-11-29,"4657496","4555061","1569193","2854663"
2025-12-06,"4351832","5565322","",""
2025-12-13,"4743288","6987103","< LOD","2959018"
2025-12-20,"5501484","18511495","1564714","1986309"
2025-12-27,"7553885","14581694","< LOD","3153385"
2026-01-03,"4509341","10577791","3957167","4423826"
2026-01-10,"5942780","3291194","< LOD","2108927"
2026-01-17,"11782505","6312545","725964","4040470"
2026-01-24,"6095745","2195804","< LOD","9774041"
2026-01-31,"7426776","2427919","900770","4373230"
2026-02-07,"5778145","2436198","1330530","4375041"
2026-02-14,"8749356","2752658","1051262","4961624"
2026-02-21,"9249389","3283899","2107270","4076167"
2026-02-28,"10671950","7643400","2455161","8735746"
2026-03-07,"8744360","3777395","1460767","4809351"
2026-03-14,"8083405","2244235","1921703","3775027"
2026-03-21,"14368543","6452785","3275936","4545023"
2026-03-28,"6903853","7923526","2182539","3673763"
2026-04-04,"7978443","4451011","1614435","1605664"
2026-04-11,"7486073","5303520","1854130","2278973"
2026-04-18,"7200454","1241009","5434465","1064031"
2026-04-25,"4658205","745956","1118489","1324571"
2026-05-02,"3787387","2044066","1317609","1126895"
2026-05-09,"6275892","1953832","1064870","729076"
2026-05-16,"4343609","542434","853226","967865"
2026-05-23,"3488437","2912968","1290111","3225017"
2026-05-30,"3839839","< LOD","< LOD","< LOD"
2026-06-06,"7811183","< LOD","627357","818627"
2026-06-13,"3697636","< LOD","697913","< LOD"
2026-06-20,"5173215","< LOD","2056547","< LOD"
2026-06-27,"2535964","< LOD","< LOD","3163695"
2026-07-04,"3244639","< LOD","< LOD","< LOD"
2026-07-11,"","","",""
2026-07-18,"5074122","< LOD","1096293","8236942"
2026-07-25,"9493977","< LOD","< LOD","< LOD"
2026-08-01,"10898569","4158532","< LOD","597990"
2026-08-08,"7386687","< LOD","< LOD","767361"
2026-08-15,"16495027","< LOD","901154","< LOD"
2026-08-22,"13686716","< LOD","< LOD","< LOD"
2026-08-29,"17983336","< LOD","< LOD","< LOD"
2026-09-05,"16316336","894899","964071","10041329"
2026-09-12,"33248205","919554","< LOD","< LOD"
2026-09-19,"12231431","1194816","< LOD","3122514"
2026-09-26,"54646661","1497850","1213789","815444"
